"n_PersonID","Team","c_Person","c_PersonShort","c_PersonFirstName","c_PersonLastName","c_FunctionShort","n_Sort","c_Value_GAME_SUCCESS","c_Value_CW","c_Value_CCW","c_Value_DRAW","c_Value_TAKEOUT","c_ValueRelative_GAME_SUCCESS","c_ValueRelative_CW","c_ValueRelative_CCW","c_ValueRelative_DRAW","c_ValueRelative_TAKEOUT"
842291,"SUI","DE CRUZ Peter","DE CRUZ P","Peter","De Cruz","2-S",5,"20","11","9","12","8","75","66","86","81","66"
842302,"SUI","SCHWARZ Benoit","SCHWARZ B","Benoît","Schwarz","4-V",5,"20","11","9","11","9","84","84","83","84","83"
842309,"SUI","TANNER Valentin","TANNER V","Valentin","Tanner","1",5,"20","9","11","19","1","95","100","91","95","100"
931633,"SUI","MICHEL Sven","MICHEL S","Sven","Michel","3",5,"20","7","13","12","8","80","71","85","92","63"
2189727,"SUI","LACHAT Pablo","LACHAT P","Pablo","Lachat","A",5,"0","0","0","0","0","-","-","-","-","-"
1022644,"GBR","MCMILLAN Hammy","MCMILLAN H","Hammy","McMillan","1",5,"20","8","12","19","1","94","84","100","93","100"
1366640,"GBR","LAMMIE Bobby","LAMMIE B","Bobby","Lammie","2",5,"20","13","7","7","13","80","77","86","89","75"
1366641,"GBR","MOUAT Bruce","MOUAT B","Bruce","Mouat","4-S",5,"20","10","10","5","15","83","70","95","100","77"
1475594,"GBR","WHYTE Ross","WHYTE R","Ross","Whyte","A",5,"0","0","0","0","0","-","-","-","-","-"
1716751,"GBR","HARDIE Grant","HARDIE G","Grant","Hardie","3-V",5,"20","9","11","4","16","81","86","77","94","78"
